from_id,to_id,import_count
pkg001,pkg027,5
pkg001,pkg359,4
pkg001,pkg211,4
pkg001,pkg391,3
pkg002,pkg109,3
pkg002,pkg077,14
pkg002,pkg267,1
pkg003,pkg218,8
pkg003,pkg031,3
pkg003,pkg369,2
pkg003,pkg392,1
pkg004,pkg073,2
pkg005,pkg133,3
pkg005,pkg291,3
pkg005,pkg326,6
pkg005,pkg126,2
pkg005,pkg344,6
pkg005,pkg298,3
pkg005,pkg233,3
pkg005,pkg001,1
pkg005,pkg012,1
pkg005,pkg398,7
pkg006,pkg383,14
pkg006,pkg397,4
pkg006,pkg235,1
pkg006,pkg172,3
pkg006,pkg306,5
pkg006,pkg354,9
pkg006,pkg302,11
pkg006,pkg323,4
pkg006,pkg273,2
pkg008,pkg093,2
pkg008,pkg397,3
pkg008,pkg307,17
pkg008,pkg398,5
pkg008,pkg388,10
pkg008,pkg325,3
pkg008,pkg261,3
pkg008,pkg068,1
pkg009,pkg069,2
pkg009,pkg300,8
pkg009,pkg035,1
pkg010,pkg397,12
pkg011,pkg235,3
pkg012,pkg397,9
pkg012,pkg275,9
pkg012,pkg196,8
pkg012,pkg319,5
pkg012,pkg190,1
pkg012,pkg388,3
pkg012,pkg073,12
pkg013,pkg366,12
pkg013,pkg369,1
pkg013,pkg156,14
pkg014,pkg126,6
pkg014,pkg341,5
pkg014,pkg032,2
pkg014,pkg013,3
pkg014,pkg399,2
pkg014,pkg366,6
pkg014,pkg371,1
pkg014,pkg397,13
pkg014,pkg170,11
pkg015,pkg366,9
pkg015,pkg155,5
pkg016,pkg326,2
pkg016,pkg054,2
pkg016,pkg024,10
pkg016,pkg397,9
pkg017,pkg371,8
pkg017,pkg044,1
pkg018,pkg107,5
pkg018,pkg077,1
pkg018,pkg115,17
pkg018,pkg119,4
pkg018,pkg029,17
pkg018,pkg068,5
pkg018,pkg161,3
pkg018,pkg370,12
pkg018,pkg015,6
pkg019,pkg156,9
pkg019,pkg220,1
pkg019,pkg049,5
pkg020,pkg223,2
pkg020,pkg323,3
pkg020,pkg164,5
pkg021,pkg019,4
pkg021,pkg069,5
pkg021,pkg117,11
pkg021,pkg291,8
pkg021,pkg162,2
pkg021,pkg326,4
pkg021,pkg369,4
pkg022,pkg085,4
pkg022,pkg397,4
pkg023,pkg397,5
pkg024,pkg049,6
pkg024,pkg035,16
pkg025,pkg100,1
pkg025,pkg077,7
pkg025,pkg029,7
pkg025,pkg194,1
pkg025,pkg166,1
pkg025,pkg329,2
pkg025,pkg173,2
pkg026,pkg397,2
pkg026,pkg292,4
pkg026,pkg341,1
pkg026,pkg334,2
pkg026,pkg193,2
pkg026,pkg305,4
pkg026,pkg029,7
pkg026,pkg326,3
pkg026,pkg030,8
pkg026,pkg330,5
pkg027,pkg009,6
pkg027,pkg036,8
pkg028,pkg235,6
pkg028,pkg020,8
pkg028,pkg166,3
pkg028,pkg151,3
pkg029,pkg168,1
pkg030,pkg267,3
pkg030,pkg158,4
pkg030,pkg188,4
pkg030,pkg101,4
pkg030,pkg170,6
pkg030,pkg294,3
pkg031,pkg151,8
pkg031,pkg259,1
pkg031,pkg077,7
pkg031,pkg340,2
pkg031,pkg169,7
pkg032,pkg143,5
pkg032,pkg077,3
pkg032,pkg041,13
pkg032,pkg048,8
pkg032,pkg400,4
pkg032,pkg158,1
pkg033,pkg286,2
pkg033,pkg198,4
pkg033,pkg210,6
pkg033,pkg397,3
pkg033,pkg272,10
pkg034,pkg343,4
pkg034,pkg207,5
pkg034,pkg188,1
pkg034,pkg366,2
pkg034,pkg149,6
pkg034,pkg155,4
pkg034,pkg112,4
pkg036,pkg136,24
pkg036,pkg327,2
pkg037,pkg045,5
pkg038,pkg090,6
pkg038,pkg156,6
pkg038,pkg397,5
pkg038,pkg322,3
pkg038,pkg024,1
pkg038,pkg259,3
pkg038,pkg398,6
pkg039,pkg075,4
pkg039,pkg027,1
pkg039,pkg077,1
pkg039,pkg016,7
pkg039,pkg059,2
pkg039,pkg194,7
pkg039,pkg284,1
pkg040,pkg125,1
pkg040,pkg073,4
pkg040,pkg322,2
pkg040,pkg135,6
pkg040,pkg366,3
pkg040,pkg077,8
pkg040,pkg222,9
pkg041,pkg073,10
pkg041,pkg117,5
pkg041,pkg379,7
pkg041,pkg336,13
pkg042,pkg153,4
pkg042,pkg116,1
pkg042,pkg397,4
pkg043,pkg077,9
pkg043,pkg085,2
pkg043,pkg140,12
pkg043,pkg308,3
pkg043,pkg397,2
pkg044,pkg291,5
pkg044,pkg027,2
pkg044,pkg367,6
pkg045,pkg010,3
pkg045,pkg156,2
pkg046,pkg310,7
pkg046,pkg115,10
pkg046,pkg223,2
pkg046,pkg391,6
pkg046,pkg264,6
pkg047,pkg105,13
pkg047,pkg284,3
pkg047,pkg233,5
pkg047,pkg112,1
pkg047,pkg382,2
pkg047,pkg035,2
pkg047,pkg308,4
pkg047,pkg309,1
pkg047,pkg387,7
pkg047,pkg212,2
pkg048,pkg156,2
pkg048,pkg194,4
pkg048,pkg193,4
pkg048,pkg010,10
pkg048,pkg190,6
pkg048,pkg366,7
pkg049,pkg326,4
pkg049,pkg363,10
pkg050,pkg084,4
pkg050,pkg366,4
pkg050,pkg147,1
pkg050,pkg284,1
pkg050,pkg077,3
pkg051,pkg366,3
pkg052,pkg190,1
pkg052,pkg388,8
pkg052,pkg341,4
pkg052,pkg036,5
pkg052,pkg057,16
pkg052,pkg024,8
pkg052,pkg195,11
pkg052,pkg029,5
pkg053,pkg077,2
pkg053,pkg301,8
pkg053,pkg136,6
pkg053,pkg176,4
pkg053,pkg042,3
pkg053,pkg237,2
pkg054,pkg073,1
pkg055,pkg013,3
pkg055,pkg037,1
pkg055,pkg148,17
pkg056,pkg054,3
pkg056,pkg371,12
pkg056,pkg136,6
pkg056,pkg035,1
pkg057,pkg096,1
pkg057,pkg341,10
pkg057,pkg294,1
pkg057,pkg207,11
pkg057,pkg163,1
pkg057,pkg334,4
pkg057,pkg326,6
pkg057,pkg399,2
pkg057,pkg188,9
pkg057,pkg339,7
pkg058,pkg148,1
pkg058,pkg164,18
pkg058,pkg256,4
pkg058,pkg219,9
pkg058,pkg300,3
pkg059,pkg082,7
pkg059,pkg343,1
pkg059,pkg001,6
pkg059,pkg266,16
pkg059,pkg397,9
pkg059,pkg332,8
pkg059,pkg362,12
pkg059,pkg156,7
pkg059,pkg346,5
pkg060,pkg051,5
pkg060,pkg244,2
pkg060,pkg077,4
pkg060,pkg326,7
pkg060,pkg397,2
pkg060,pkg333,1
pkg060,pkg371,13
pkg061,pkg327,10
pkg061,pkg048,1
pkg061,pkg183,6
pkg061,pkg254,6
pkg061,pkg065,8
pkg061,pkg158,3
pkg061,pkg085,12
pkg062,pkg035,4
pkg062,pkg344,3
pkg062,pkg293,2
pkg062,pkg055,5
pkg063,pkg321,18
pkg063,pkg007,1
pkg063,pkg089,5
pkg063,pkg187,6
pkg063,pkg253,4
pkg063,pkg388,7
pkg063,pkg145,2
pkg063,pkg368,2
pkg063,pkg069,1
pkg064,pkg100,1
pkg064,pkg388,1
pkg064,pkg357,10
pkg065,pkg109,10
pkg065,pkg371,3
pkg065,pkg394,6
pkg065,pkg038,1
pkg066,pkg122,1
pkg066,pkg065,9
pkg066,pkg253,3
pkg067,pkg069,1
pkg067,pkg284,1
pkg067,pkg398,9
pkg067,pkg077,1
pkg067,pkg390,3
pkg067,pkg083,16
pkg067,pkg012,7
pkg068,pkg216,2
pkg068,pkg359,6
pkg068,pkg398,3
pkg068,pkg037,1
pkg068,pkg089,3
pkg068,pkg136,13
pkg068,pkg188,11
pkg069,pkg027,8
pkg069,pkg024,4
pkg069,pkg123,11
pkg070,pkg326,4
pkg070,pkg235,4
pkg070,pkg299,7
pkg070,pkg077,5
pkg070,pkg228,9
pkg070,pkg335,8
pkg070,pkg134,2
pkg071,pkg326,6
pkg071,pkg088,12
pkg071,pkg024,2
pkg072,pkg310,3
pkg072,pkg398,6
pkg072,pkg077,10
pkg072,pkg081,9
pkg073,pkg145,15
pkg073,pkg397,2
pkg073,pkg049,6
pkg073,pkg375,8
pkg074,pkg397,1
pkg074,pkg327,3
pkg074,pkg069,2
pkg074,pkg162,2
pkg075,pkg398,1
pkg075,pkg327,1
pkg075,pkg341,3
pkg076,pkg176,4
pkg076,pkg114,11
pkg077,pkg397,1
pkg077,pkg286,8
pkg077,pkg390,6
pkg078,pkg116,5
pkg078,pkg080,12
pkg079,pkg076,10
pkg079,pkg001,1
pkg079,pkg183,7
pkg079,pkg013,5
pkg079,pkg080,9
pkg079,pkg398,2
pkg079,pkg397,15
pkg080,pkg347,7
pkg080,pkg126,6
pkg081,pkg040,4
pkg081,pkg058,6
pkg081,pkg027,10
pkg081,pkg371,2
pkg081,pkg397,3
pkg081,pkg013,3
pkg082,pkg250,7
pkg082,pkg366,1
pkg083,pkg029,3
pkg083,pkg156,11
pkg083,pkg069,8
pkg083,pkg131,4
pkg083,pkg341,8
pkg083,pkg077,1
pkg083,pkg269,1
pkg084,pkg153,3
pkg084,pkg110,24
pkg086,pkg077,1
pkg086,pkg339,1
pkg086,pkg085,1
pkg086,pkg024,1
pkg086,pkg013,1
pkg087,pkg023,2
pkg087,pkg397,4
pkg087,pkg189,9
pkg087,pkg190,3
pkg087,pkg181,4
pkg088,pkg157,1
pkg089,pkg398,7
pkg089,pkg397,6
pkg089,pkg253,6
pkg089,pkg370,2
pkg089,pkg088,14
pkg090,pkg013,1
pkg090,pkg171,4
pkg091,pkg211,5
pkg091,pkg292,3
pkg091,pkg204,6
pkg091,pkg397,7
pkg091,pkg164,3
pkg091,pkg004,7
pkg091,pkg077,3
pkg092,pkg327,3
pkg092,pkg117,5
pkg093,pkg156,10
pkg093,pkg080,1
pkg094,pkg337,4
pkg094,pkg077,9
pkg094,pkg326,4
pkg094,pkg345,4
pkg095,pkg328,9
pkg095,pkg284,7
pkg095,pkg043,15
pkg095,pkg103,5
pkg095,pkg077,2
pkg096,pkg066,14
pkg096,pkg260,1
pkg096,pkg261,7
pkg096,pkg126,8
pkg096,pkg366,1
pkg096,pkg364,5
pkg096,pkg038,11
pkg097,pkg318,4
pkg097,pkg247,2
pkg097,pkg371,9
pkg097,pkg049,3
pkg097,pkg299,6
pkg097,pkg077,4
pkg097,pkg188,3
pkg098,pkg086,3
pkg098,pkg331,4
pkg098,pkg280,4
pkg099,pkg260,2
pkg099,pkg397,4
pkg099,pkg218,1
pkg099,pkg341,2
pkg100,pkg136,1
pkg100,pkg322,9
pkg100,pkg069,7
pkg100,pkg188,5
pkg100,pkg077,4
pkg101,pkg186,8
pkg101,pkg077,2
pkg101,pkg341,2
pkg101,pkg386,18
pkg101,pkg384,1
pkg101,pkg134,1
pkg102,pkg188,3
pkg102,pkg136,2
pkg102,pkg263,6
pkg102,pkg077,5
pkg103,pkg220,2
pkg103,pkg077,7
pkg103,pkg308,6
pkg103,pkg075,5
pkg104,pkg113,6
pkg104,pkg258,11
pkg104,pkg010,1
pkg104,pkg001,6
pkg104,pkg366,3
pkg104,pkg013,5
pkg105,pkg357,2
pkg105,pkg069,7
pkg105,pkg397,2
pkg105,pkg077,1
pkg105,pkg156,2
pkg106,pkg390,6
pkg106,pkg208,9
pkg106,pkg268,2
pkg106,pkg136,1
pkg107,pkg134,7
pkg107,pkg323,3
pkg107,pkg071,5
pkg107,pkg250,1
pkg108,pkg135,7
pkg108,pkg139,1
pkg108,pkg398,1
pkg108,pkg230,6
pkg108,pkg296,3
pkg108,pkg280,1
pkg108,pkg347,3
pkg108,pkg364,6
pkg108,pkg235,11
pkg109,pkg098,1
pkg109,pkg158,2
pkg109,pkg233,8
pkg109,pkg229,1
pkg109,pkg013,4
pkg109,pkg162,3
pkg110,pkg269,1
pkg110,pkg123,4
pkg110,pkg397,1
pkg110,pkg136,8
pkg111,pkg300,8
pkg112,pkg050,10
pkg112,pkg160,5
pkg112,pkg283,2
pkg112,pkg311,4
pkg112,pkg140,3
pkg112,pkg321,5
pkg112,pkg049,8
pkg112,pkg129,4
pkg112,pkg308,6
pkg112,pkg269,9
pkg113,pkg397,11
pkg113,pkg190,6
pkg114,pkg189,2
pkg115,pkg025,6
pkg115,pkg166,1
pkg115,pkg077,7
pkg115,pkg397,10
pkg116,pkg023,4
pkg116,pkg215,2
pkg116,pkg168,3
pkg117,pkg321,14
pkg117,pkg279,8
pkg117,pkg073,2
pkg118,pkg284,6
pkg118,pkg206,2
pkg118,pkg077,5
pkg118,pkg036,3
pkg118,pkg344,6
pkg118,pkg188,3
pkg119,pkg011,1
pkg119,pkg195,13
pkg120,pkg364,1
pkg120,pkg147,1
pkg120,pkg326,5
pkg120,pkg242,2
pkg120,pkg308,1
pkg120,pkg071,19
pkg120,pkg310,4
pkg120,pkg397,2
pkg120,pkg110,4
pkg121,pkg308,5
pkg121,pkg132,4
pkg121,pkg004,1
pkg121,pkg272,7
pkg121,pkg399,7
pkg121,pkg103,9
pkg121,pkg072,1
pkg122,pkg261,1
pkg122,pkg397,3
pkg122,pkg161,6
pkg122,pkg126,3
pkg122,pkg333,7
pkg123,pkg283,7
pkg124,pkg287,9
pkg124,pkg077,3
pkg124,pkg395,2
pkg124,pkg330,2
pkg124,pkg284,2
pkg124,pkg394,9
pkg125,pkg116,10
pkg125,pkg035,2
pkg125,pkg398,12
pkg125,pkg010,13
pkg126,pkg073,4
pkg126,pkg077,1
pkg126,pkg339,2
pkg126,pkg029,10
pkg126,pkg169,7
pkg126,pkg397,1
pkg126,pkg236,3
pkg127,pkg069,2
pkg127,pkg077,9
pkg127,pkg342,7
pkg127,pkg085,6
pkg127,pkg328,5
pkg128,pkg397,9
pkg128,pkg282,13
pkg128,pkg327,5
pkg129,pkg349,4
pkg129,pkg077,10
pkg129,pkg397,12
pkg130,pkg134,5
pkg130,pkg222,17
pkg130,pkg164,7
pkg131,pkg073,10
pkg131,pkg022,8
pkg132,pkg336,4
pkg132,pkg060,6
pkg132,pkg211,2
pkg132,pkg035,9
pkg132,pkg272,4
pkg132,pkg022,4
pkg132,pkg397,5
pkg132,pkg077,3
pkg132,pkg293,17
pkg133,pkg397,2
pkg133,pkg097,9
pkg133,pkg010,3
pkg133,pkg077,9
pkg134,pkg181,2
pkg134,pkg115,14
pkg134,pkg038,1
pkg134,pkg397,6
pkg134,pkg071,6
pkg136,pkg258,1
pkg136,pkg139,5
pkg137,pkg397,7
pkg137,pkg228,4
pkg137,pkg261,9
pkg137,pkg087,4
pkg137,pkg388,8
pkg137,pkg249,2
pkg138,pkg023,2
pkg138,pkg042,3
pkg138,pkg397,6
pkg138,pkg069,4
pkg139,pkg398,1
pkg139,pkg332,11
pkg140,pkg308,7
pkg140,pkg397,1
pkg140,pkg237,2
pkg140,pkg103,8
pkg140,pkg191,6
pkg140,pkg262,3
pkg140,pkg164,7
pkg140,pkg333,6
pkg141,pkg013,16
pkg141,pkg308,2
pkg141,pkg098,4
pkg141,pkg284,4
pkg141,pkg270,8
pkg141,pkg077,3
pkg141,pkg171,8
pkg141,pkg352,3
pkg142,pkg077,5
pkg142,pkg319,6
pkg142,pkg013,1
pkg142,pkg236,3
pkg143,pkg250,4
pkg143,pkg136,6
pkg143,pkg099,4
pkg143,pkg077,2
pkg143,pkg385,4
pkg143,pkg339,6
pkg144,pkg136,9
pkg144,pkg226,2
pkg144,pkg210,4
pkg144,pkg380,2
pkg144,pkg069,5
pkg144,pkg243,7
pkg144,pkg324,1
pkg144,pkg142,6
pkg144,pkg366,6
pkg145,pkg022,1
pkg146,pkg388,7
pkg146,pkg363,4
pkg147,pkg036,8
pkg147,pkg075,2
pkg147,pkg357,5
pkg147,pkg398,6
pkg147,pkg035,6
pkg147,pkg332,2
pkg147,pkg019,3
pkg148,pkg397,4
pkg148,pkg145,5
pkg148,pkg342,9
pkg149,pkg397,3
pkg149,pkg012,6
pkg149,pkg147,9
pkg149,pkg326,8
pkg149,pkg323,1
pkg149,pkg030,4
pkg149,pkg261,6
pkg149,pkg061,6
pkg149,pkg195,3
pkg149,pkg077,8
pkg150,pkg369,5
pkg150,pkg077,1
pkg150,pkg327,7
pkg151,pkg336,6
pkg151,pkg278,4
pkg151,pkg201,9
pkg152,pkg351,6
pkg152,pkg341,3
pkg152,pkg378,3
pkg153,pkg110,3
pkg153,pkg056,2
pkg153,pkg136,13
pkg154,pkg077,2
pkg154,pkg216,3
pkg154,pkg334,7
pkg154,pkg286,2
pkg154,pkg107,10
pkg154,pkg129,5
pkg154,pkg284,9
pkg154,pkg226,6
pkg155,pkg085,10
pkg155,pkg010,5
pkg156,pkg010,1
pkg156,pkg327,10
pkg157,pkg054,1
pkg157,pkg326,8
pkg157,pkg085,10
pkg158,pkg104,6
pkg158,pkg077,10
pkg158,pkg341,5
pkg158,pkg397,4
pkg158,pkg188,7
pkg158,pkg013,16
pkg158,pkg062,5
pkg159,pkg283,4
pkg159,pkg276,22
pkg159,pkg088,5
pkg160,pkg338,15
pkg160,pkg370,2
pkg160,pkg088,12
pkg160,pkg176,5
pkg160,pkg004,10
pkg161,pkg073,2
pkg161,pkg264,3
pkg162,pkg035,4
pkg162,pkg371,2
pkg162,pkg011,7
pkg163,pkg013,1
pkg163,pkg166,4
pkg163,pkg279,7
pkg163,pkg224,22
pkg163,pkg027,3
pkg163,pkg286,5
pkg164,pkg398,3
pkg164,pkg397,7
pkg164,pkg077,8
pkg164,pkg331,12
pkg164,pkg126,4
pkg164,pkg069,10
pkg165,pkg391,11
pkg165,pkg247,7
pkg165,pkg136,1
pkg165,pkg250,12
pkg165,pkg351,17
pkg165,pkg367,21
pkg166,pkg017,10
pkg166,pkg069,4
pkg166,pkg356,8
pkg166,pkg327,6
pkg166,pkg397,9
pkg167,pkg049,14
pkg167,pkg007,6
pkg167,pkg398,3
pkg167,pkg368,3
pkg167,pkg385,5
pkg167,pkg096,4
pkg168,pkg397,5
pkg168,pkg035,4
pkg169,pkg283,3
pkg169,pkg148,14
pkg170,pkg087,2
pkg170,pkg062,4
pkg170,pkg397,1
pkg170,pkg015,8
pkg170,pkg004,7
pkg170,pkg073,1
pkg171,pkg131,2
pkg171,pkg326,30
pkg172,pkg023,8
pkg172,pkg222,11
pkg172,pkg277,4
pkg172,pkg059,11
pkg172,pkg228,4
pkg173,pkg332,3
pkg173,pkg142,3
pkg173,pkg058,2
pkg173,pkg368,4
pkg173,pkg001,1
pkg174,pkg083,14
pkg174,pkg126,1
pkg174,pkg077,4
pkg174,pkg397,7
pkg174,pkg073,7
pkg174,pkg072,1
pkg174,pkg172,6
pkg174,pkg057,8
pkg175,pkg296,1
pkg175,pkg234,5
pkg175,pkg134,9
pkg175,pkg239,6
pkg175,pkg372,12
pkg175,pkg284,3
pkg175,pkg258,3
pkg175,pkg183,2
pkg175,pkg135,18
pkg175,pkg301,1
pkg176,pkg074,4
pkg176,pkg188,3
pkg176,pkg013,17
pkg177,pkg073,5
pkg177,pkg062,5
pkg177,pkg290,14
pkg177,pkg153,7
pkg177,pkg100,1
pkg177,pkg011,1
pkg177,pkg357,8
pkg178,pkg188,1
pkg178,pkg104,1
pkg178,pkg166,8
pkg178,pkg158,2
pkg178,pkg391,1
pkg179,pkg034,3
pkg179,pkg397,3
pkg179,pkg264,6
pkg179,pkg136,4
pkg180,pkg373,1
pkg180,pkg062,3
pkg180,pkg015,24
pkg180,pkg312,9
pkg180,pkg166,3
pkg180,pkg362,8
pkg181,pkg334,1
pkg181,pkg078,4
pkg181,pkg145,12
pkg181,pkg029,6
pkg182,pkg344,2
pkg182,pkg284,11
pkg183,pkg344,15
pkg183,pkg016,1
pkg183,pkg341,1
pkg184,pkg190,14
pkg184,pkg218,8
pkg185,pkg039,5
pkg185,pkg254,1
pkg185,pkg073,9
pkg185,pkg357,3
pkg185,pkg244,1
pkg185,pkg156,5
pkg185,pkg077,4
pkg185,pkg169,9
pkg185,pkg397,4
pkg186,pkg080,5
pkg186,pkg189,2
pkg186,pkg116,4
pkg186,pkg397,1
pkg187,pkg264,4
pkg187,pkg341,11
pkg188,pkg088,13
pkg188,pkg371,5
pkg188,pkg086,5
pkg188,pkg168,4
pkg188,pkg318,2
pkg189,pkg029,4
pkg189,pkg305,1
pkg189,pkg364,3
pkg191,pkg397,9
pkg191,pkg077,5
pkg191,pkg284,2
pkg191,pkg006,7
pkg191,pkg326,2
pkg191,pkg166,1
pkg191,pkg211,10
pkg191,pkg057,4
pkg192,pkg261,9
pkg192,pkg145,7
pkg192,pkg190,7
pkg192,pkg105,6
pkg192,pkg366,11
pkg193,pkg085,5
pkg193,pkg188,1
pkg194,pkg319,18
pkg194,pkg077,3
pkg194,pkg327,1
pkg194,pkg322,11
pkg194,pkg234,6
pkg194,pkg369,15
pkg195,pkg397,4
pkg195,pkg375,3
pkg196,pkg328,4
pkg196,pkg397,1
pkg196,pkg035,6
pkg196,pkg004,11
pkg197,pkg397,11
pkg197,pkg013,4
pkg197,pkg250,5
pkg198,pkg284,10
pkg198,pkg077,6
pkg198,pkg096,5
pkg198,pkg397,3
pkg198,pkg164,2
pkg199,pkg049,5
pkg199,pkg250,8
pkg199,pkg203,4
pkg199,pkg319,2
pkg200,pkg368,6
pkg200,pkg077,16
pkg200,pkg363,11
pkg200,pkg027,1
pkg200,pkg069,10
pkg200,pkg137,5
pkg200,pkg366,4
pkg201,pkg264,2
pkg201,pkg158,4
pkg201,pkg276,4
pkg201,pkg164,7
pkg201,pkg331,5
pkg201,pkg397,13
pkg201,pkg333,1
pkg202,pkg153,6
pkg202,pkg005,9
pkg202,pkg043,8
pkg203,pkg308,4
pkg203,pkg080,13
pkg203,pkg206,6
pkg204,pkg164,3
pkg204,pkg004,11
pkg204,pkg383,4
pkg205,pkg334,2
pkg205,pkg083,2
pkg205,pkg048,1
pkg205,pkg303,4
pkg205,pkg335,2
pkg205,pkg148,15
pkg205,pkg009,3
pkg206,pkg397,4
pkg206,pkg332,6
pkg206,pkg164,11
pkg206,pkg129,25
pkg206,pkg371,5
pkg206,pkg056,3
pkg206,pkg359,2
pkg207,pkg284,6
pkg207,pkg371,10
pkg207,pkg253,10
pkg207,pkg346,5
pkg207,pkg077,9
pkg207,pkg136,11
pkg208,pkg069,12
pkg208,pkg325,1
pkg208,pkg398,3
pkg209,pkg364,14
pkg209,pkg115,2
pkg209,pkg272,1
pkg209,pkg269,4
pkg210,pkg145,4
pkg210,pkg012,7
pkg210,pkg081,11
pkg211,pkg004,1
pkg211,pkg260,4
pkg211,pkg341,3
pkg211,pkg117,7
pkg211,pkg261,3
pkg212,pkg393,6
pkg212,pkg161,5
pkg213,pkg251,4
pkg213,pkg383,2
pkg213,pkg290,9
pkg214,pkg186,1
pkg214,pkg397,5
pkg214,pkg209,7
pkg214,pkg147,4
pkg214,pkg153,3
pkg214,pkg226,1
pkg214,pkg136,21
pkg215,pkg264,2
pkg215,pkg366,3
pkg215,pkg049,1
pkg216,pkg215,2
pkg216,pkg397,2
pkg216,pkg163,8
pkg216,pkg332,2
pkg216,pkg069,6
pkg216,pkg097,3
pkg216,pkg133,10
pkg216,pkg036,17
pkg216,pkg199,1
pkg217,pkg069,1
pkg217,pkg016,17
pkg217,pkg275,4
pkg217,pkg397,7
pkg217,pkg375,7
pkg217,pkg303,1
pkg218,pkg077,13
pkg218,pkg116,4
pkg219,pkg254,1
pkg220,pkg341,15
pkg220,pkg375,14
pkg221,pkg126,11
pkg221,pkg290,5
pkg221,pkg038,2
pkg222,pkg265,7
pkg222,pkg280,10
pkg222,pkg276,15
pkg222,pkg111,9
pkg222,pkg022,3
pkg222,pkg077,7
pkg223,pkg398,6
pkg223,pkg141,8
pkg223,pkg322,3
pkg223,pkg259,4
pkg223,pkg286,7
pkg223,pkg316,7
pkg223,pkg323,1
pkg223,pkg371,13
pkg223,pkg136,3
pkg224,pkg237,4
pkg224,pkg023,1
pkg225,pkg328,4
pkg225,pkg308,13
pkg225,pkg371,1
pkg225,pkg253,2
pkg225,pkg397,2
pkg225,pkg043,3
pkg226,pkg071,6
pkg226,pkg260,13
pkg226,pkg243,10
pkg227,pkg332,6
pkg227,pkg306,5
pkg227,pkg397,6
pkg227,pkg080,3
pkg228,pkg250,20
pkg228,pkg369,6
pkg229,pkg388,9
pkg229,pkg261,6
pkg229,pkg212,6
pkg229,pkg378,12
pkg230,pkg397,11
pkg230,pkg147,16
pkg230,pkg010,1
pkg230,pkg216,5
pkg231,pkg069,13
pkg231,pkg269,3
pkg231,pkg036,3
pkg232,pkg397,1
pkg232,pkg147,8
pkg232,pkg125,4
pkg232,pkg205,4
pkg232,pkg101,4
pkg232,pkg077,1
pkg232,pkg141,1
pkg232,pkg164,4
pkg232,pkg049,5
pkg232,pkg155,1
pkg233,pkg397,7
pkg234,pkg282,1
pkg234,pkg331,4
pkg234,pkg328,3
pkg234,pkg079,12
pkg234,pkg072,4
pkg234,pkg116,4
pkg234,pkg184,1
pkg235,pkg341,8
pkg236,pkg333,4
pkg236,pkg254,1
pkg236,pkg371,6
pkg236,pkg397,11
pkg237,pkg109,3
pkg237,pkg169,2
pkg237,pkg366,4
pkg237,pkg096,13
pkg237,pkg165,12
pkg237,pkg287,21
pkg237,pkg056,5
pkg238,pkg312,3
pkg238,pkg400,1
pkg238,pkg243,6
pkg238,pkg341,8
pkg238,pkg319,1
pkg238,pkg363,6
pkg238,pkg397,5
pkg239,pkg136,8
pkg239,pkg001,1
pkg239,pkg043,4
pkg239,pkg397,2
pkg239,pkg390,3
pkg239,pkg124,2
pkg239,pkg080,7
pkg239,pkg168,5
pkg240,pkg145,4
pkg240,pkg134,5
pkg240,pkg001,3
pkg240,pkg397,7
pkg240,pkg260,10
pkg240,pkg156,5
pkg240,pkg223,1
pkg240,pkg013,3
pkg241,pkg010,15
pkg241,pkg120,17
pkg241,pkg073,1
pkg242,pkg269,13
pkg242,pkg188,9
pkg242,pkg357,4
pkg242,pkg236,5
pkg242,pkg100,3
pkg244,pkg168,10
pkg244,pkg397,9
pkg244,pkg341,4
pkg245,pkg280,1
pkg245,pkg395,4
pkg245,pkg135,11
pkg245,pkg366,7
pkg245,pkg397,4
pkg245,pkg010,6
pkg245,pkg077,7
pkg246,pkg141,5
pkg246,pkg085,3
pkg246,pkg348,7
pkg246,pkg062,1
pkg248,pkg025,3
pkg248,pkg341,2
pkg248,pkg054,1
pkg248,pkg146,2
pkg248,pkg142,4
pkg248,pkg083,14
pkg249,pkg082,15
pkg249,pkg156,5
pkg249,pkg077,5
pkg249,pkg375,4
pkg251,pkg105,15
pkg251,pkg220,4
pkg251,pkg124,3
pkg252,pkg147,6
pkg252,pkg307,7
pkg252,pkg060,8
pkg252,pkg090,3
pkg252,pkg284,1
pkg252,pkg188,2
pkg253,pkg062,9
pkg253,pkg029,7
pkg253,pkg397,3
pkg254,pkg263,5
pkg255,pkg004,4
pkg255,pkg077,7
pkg255,pkg315,7
pkg255,pkg363,2
pkg255,pkg377,1
pkg256,pkg333,11
pkg256,pkg327,5
pkg256,pkg035,3
pkg256,pkg260,2
pkg256,pkg284,7
pkg257,pkg395,14
pkg257,pkg351,12
pkg257,pkg283,5
pkg257,pkg308,10
pkg257,pkg055,7
pkg257,pkg003,3
pkg257,pkg167,3
pkg258,pkg156,8
pkg259,pkg346,2
pkg259,pkg042,11
pkg259,pkg284,1
pkg259,pkg186,3
pkg259,pkg247,3
pkg260,pkg142,5
pkg260,pkg200,2
pkg260,pkg184,3
pkg260,pkg080,4
pkg260,pkg156,3
pkg260,pkg392,5
pkg261,pkg135,4
pkg261,pkg233,4
pkg261,pkg328,4
pkg261,pkg010,1
pkg262,pkg257,3
pkg262,pkg224,4
pkg262,pkg019,14
pkg262,pkg300,3
pkg262,pkg308,1
pkg262,pkg207,4
pkg262,pkg366,7
pkg263,pkg011,11
pkg264,pkg029,5
pkg264,pkg073,1
pkg264,pkg397,3
pkg265,pkg001,7
pkg265,pkg373,7
pkg265,pkg291,7
pkg266,pkg386,4
pkg266,pkg103,5
pkg266,pkg047,4
pkg266,pkg170,4
pkg266,pkg104,6
pkg266,pkg371,5
pkg266,pkg012,9
pkg266,pkg273,5
pkg266,pkg381,13
pkg266,pkg397,2
pkg267,pkg341,4
pkg267,pkg263,3
pkg267,pkg371,5
pkg267,pkg107,7
pkg267,pkg305,5
pkg267,pkg156,7
pkg267,pkg254,4
pkg267,pkg399,2
pkg267,pkg397,12
pkg268,pkg037,4
pkg268,pkg058,5
pkg268,pkg160,10
pkg268,pkg016,8
pkg268,pkg397,3
pkg268,pkg379,13
pkg268,pkg014,2
pkg268,pkg354,6
pkg269,pkg371,6
pkg269,pkg062,9
pkg270,pkg062,3
pkg270,pkg226,4
pkg270,pkg156,1
pkg270,pkg398,6
pkg270,pkg284,9
pkg270,pkg397,4
pkg270,pkg147,4
pkg271,pkg183,1
pkg271,pkg397,1
pkg271,pkg010,4
pkg271,pkg381,2
pkg272,pkg357,6
pkg272,pkg040,9
pkg272,pkg249,8
pkg273,pkg144,3
pkg273,pkg284,7
pkg273,pkg168,3
pkg273,pkg330,1
pkg273,pkg164,6
pkg273,pkg077,29
pkg274,pkg255,14
pkg274,pkg062,4
pkg274,pkg284,7
pkg274,pkg169,8
pkg274,pkg130,8
pkg275,pkg250,6
pkg275,pkg222,2
pkg275,pkg284,3
pkg276,pkg049,3
pkg276,pkg011,4
pkg277,pkg309,9
pkg277,pkg145,1
pkg277,pkg397,3
pkg278,pkg371,3
pkg278,pkg077,1
pkg278,pkg316,1
pkg278,pkg332,9
pkg279,pkg235,3
pkg280,pkg077,4
pkg280,pkg371,11
pkg281,pkg069,4
pkg281,pkg335,8
pkg282,pkg341,5
pkg283,pkg366,10
pkg284,pkg104,3
pkg284,pkg077,1
pkg284,pkg398,6
pkg284,pkg341,1
pkg284,pkg056,4
pkg285,pkg371,3
pkg285,pkg078,3
pkg285,pkg024,5
pkg286,pkg363,4
pkg286,pkg250,9
pkg286,pkg186,5
pkg287,pkg054,2
pkg287,pkg188,7
pkg287,pkg328,1
pkg287,pkg171,1
pkg287,pkg007,7
pkg287,pkg073,2
pkg287,pkg254,3
pkg288,pkg136,3
pkg288,pkg106,3
pkg288,pkg077,1
pkg289,pkg247,1
pkg289,pkg027,10
pkg289,pkg397,5
pkg289,pkg111,14
pkg289,pkg136,13
pkg289,pkg267,1
pkg289,pkg284,4
pkg289,pkg380,2
pkg290,pkg161,3
pkg290,pkg001,1
pkg290,pkg303,1
pkg291,pkg062,1
pkg292,pkg207,2
pkg292,pkg253,7
pkg292,pkg077,4
pkg292,pkg397,1
pkg292,pkg157,4
pkg292,pkg097,3
pkg292,pkg380,10
pkg292,pkg284,1
pkg293,pkg035,6
pkg294,pkg363,3
pkg294,pkg397,4
pkg294,pkg388,11
pkg294,pkg162,3
pkg294,pkg147,7
pkg294,pkg384,12
pkg295,pkg056,6
pkg295,pkg188,6
pkg295,pkg077,2
pkg295,pkg397,8
pkg295,pkg232,1
pkg296,pkg077,1
pkg296,pkg332,8
pkg296,pkg318,10
pkg297,pkg148,4
pkg297,pkg310,1
pkg297,pkg397,2
pkg297,pkg250,9
pkg297,pkg138,6
pkg297,pkg218,7
pkg298,pkg397,10
pkg298,pkg226,1
pkg298,pkg303,3
pkg298,pkg146,4
pkg298,pkg329,2
pkg298,pkg392,4
pkg299,pkg153,8
pkg299,pkg051,7
pkg300,pkg219,1
pkg300,pkg004,1
pkg301,pkg371,14
pkg301,pkg397,1
pkg301,pkg037,4
pkg302,pkg027,2
pkg302,pkg212,7
pkg303,pkg341,1
pkg303,pkg010,3
pkg303,pkg073,5
pkg304,pkg397,1
pkg304,pkg246,2
pkg304,pkg129,15
pkg304,pkg155,1
pkg305,pkg162,7
pkg305,pkg327,4
pkg305,pkg397,8
pkg306,pkg084,11
pkg306,pkg077,14
pkg306,pkg085,6
pkg307,pkg212,12
pkg307,pkg240,4
pkg307,pkg371,2
pkg307,pkg267,5
pkg307,pkg397,4
pkg307,pkg366,13
pkg307,pkg077,15
pkg308,pkg027,4
pkg308,pkg375,3
pkg308,pkg262,2
pkg308,pkg234,6
pkg308,pkg219,3
pkg308,pkg148,17
pkg308,pkg077,6
pkg309,pkg077,1
pkg309,pkg164,1
pkg309,pkg010,1
pkg309,pkg397,10
pkg309,pkg251,10
pkg309,pkg116,2
pkg310,pkg348,7
pkg310,pkg099,9
pkg311,pkg069,3
pkg311,pkg397,8
pkg311,pkg284,3
pkg311,pkg077,10
pkg311,pkg391,6
pkg311,pkg260,5
pkg311,pkg374,3
pkg311,pkg035,2
pkg312,pkg333,6
pkg312,pkg077,6
pkg312,pkg331,7
pkg312,pkg243,14
pkg312,pkg136,1
pkg312,pkg029,18
pkg313,pkg163,1
pkg313,pkg322,4
pkg313,pkg393,7
pkg313,pkg121,3
pkg313,pkg188,5
pkg314,pkg091,1
pkg314,pkg001,10
pkg314,pkg135,2
pkg314,pkg304,8
pkg314,pkg152,2
pkg314,pkg077,3
pkg314,pkg185,1
pkg314,pkg323,8
pkg315,pkg397,11
pkg315,pkg366,9
pkg315,pkg077,2
pkg316,pkg062,7
pkg317,pkg326,10
pkg317,pkg069,9
pkg318,pkg035,6
pkg318,pkg010,2
pkg318,pkg013,6
pkg319,pkg383,8
pkg319,pkg069,10
pkg319,pkg071,1
pkg319,pkg388,3
pkg319,pkg186,2
pkg319,pkg136,4
pkg320,pkg156,15
pkg320,pkg163,8
pkg320,pkg195,7
pkg320,pkg236,7
pkg320,pkg038,10
pkg320,pkg116,5
pkg320,pkg069,1
pkg320,pkg148,6
pkg320,pkg397,7
pkg321,pkg319,11
pkg321,pkg371,4
pkg321,pkg298,2
pkg322,pkg119,9
pkg322,pkg035,7
pkg322,pkg083,2
pkg322,pkg364,6
pkg322,pkg284,6
pkg322,pkg397,4
pkg322,pkg126,3
pkg324,pkg157,1
pkg324,pkg366,5
pkg324,pkg008,4
pkg324,pkg167,11
pkg324,pkg291,5
pkg325,pkg327,5
pkg325,pkg395,12
pkg325,pkg235,3
pkg325,pkg145,7
pkg326,pkg323,3
pkg327,pkg378,6
pkg328,pkg013,2
pkg328,pkg371,4
pkg328,pkg341,3
pkg328,pkg062,7
pkg329,pkg339,7
pkg329,pkg069,7
pkg329,pkg260,5
pkg329,pkg296,5
pkg329,pkg083,2
pkg329,pkg243,6
pkg329,pkg077,1
pkg330,pkg061,7
pkg330,pkg359,5
pkg330,pkg354,9
pkg330,pkg302,19
pkg331,pkg077,4
pkg331,pkg073,3
pkg331,pkg001,9
pkg331,pkg105,6
pkg331,pkg397,1
pkg331,pkg125,3
pkg332,pkg397,18
pkg332,pkg168,2
pkg333,pkg368,3
pkg333,pkg325,6
pkg334,pkg077,5
pkg334,pkg272,1
pkg334,pkg069,13
pkg334,pkg251,4
pkg334,pkg136,5
pkg334,pkg218,6
pkg335,pkg327,7
pkg335,pkg156,8
pkg335,pkg254,10
pkg335,pkg011,5
pkg336,pkg284,4
pkg336,pkg024,8
pkg336,pkg044,2
pkg337,pkg332,6
pkg337,pkg136,5
pkg337,pkg013,4
pkg338,pkg037,9
pkg338,pkg184,1
pkg338,pkg077,4
pkg338,pkg145,12
pkg338,pkg220,6
pkg338,pkg004,8
pkg338,pkg085,8
pkg339,pkg188,7
pkg339,pkg236,6
pkg340,pkg284,2
pkg340,pkg168,5
pkg340,pkg299,6
pkg340,pkg260,6
pkg340,pkg377,5
pkg340,pkg023,5
pkg340,pkg133,1
pkg341,pkg010,10
pkg342,pkg010,1
pkg342,pkg368,17
pkg343,pkg226,5
pkg343,pkg077,2
pkg343,pkg134,1
pkg343,pkg188,3
pkg343,pkg162,4
pkg344,pkg341,2
pkg345,pkg329,3
pkg345,pkg190,22
pkg345,pkg397,7
pkg345,pkg398,8
pkg345,pkg136,5
pkg345,pkg051,3
pkg345,pkg076,17
pkg346,pkg366,19
pkg346,pkg338,15
pkg346,pkg224,6
pkg346,pkg323,9
pkg346,pkg155,1
pkg346,pkg341,9
pkg347,pkg397,5
pkg347,pkg236,2
pkg348,pkg072,6
pkg348,pkg164,2
pkg349,pkg077,8
pkg349,pkg308,2
pkg349,pkg263,5
pkg349,pkg284,4
pkg349,pkg126,5
pkg349,pkg341,5
pkg349,pkg371,6
pkg349,pkg363,3
pkg349,pkg127,3
pkg349,pkg322,19
pkg350,pkg147,8
pkg350,pkg156,1
pkg350,pkg277,12
pkg350,pkg313,13
pkg350,pkg370,10
pkg350,pkg368,5
pkg350,pkg308,8
pkg350,pkg397,2
pkg350,pkg071,15
pkg350,pkg017,1
pkg351,pkg300,3
pkg352,pkg077,5
pkg352,pkg076,1
pkg353,pkg156,7
pkg353,pkg327,4
pkg354,pkg371,4
pkg354,pkg301,1
pkg354,pkg071,1
pkg354,pkg188,5
pkg354,pkg323,12
pkg354,pkg397,20
pkg355,pkg096,3
pkg355,pkg110,7
pkg355,pkg071,3
pkg355,pkg073,1
pkg355,pkg388,1
pkg356,pkg156,3
pkg356,pkg073,1
pkg356,pkg254,11
pkg357,pkg173,6
pkg357,pkg327,9
pkg357,pkg397,11
pkg357,pkg136,6
pkg357,pkg131,8
pkg357,pkg263,9
pkg358,pkg299,2
pkg358,pkg015,13
pkg358,pkg308,4
pkg358,pkg174,1
pkg358,pkg067,17
pkg358,pkg104,9
pkg358,pkg199,5
pkg358,pkg126,3
pkg358,pkg397,12
pkg359,pkg168,6
pkg359,pkg015,3
pkg360,pkg284,5
pkg360,pkg356,6
pkg360,pkg260,1
pkg360,pkg328,6
pkg360,pkg083,3
pkg360,pkg397,13
pkg360,pkg011,6
pkg361,pkg224,8
pkg361,pkg299,4
pkg361,pkg011,13
pkg362,pkg341,16
pkg362,pkg371,7
pkg362,pkg111,3
pkg364,pkg397,4
pkg365,pkg378,4
pkg365,pkg233,12
pkg365,pkg136,1
pkg365,pkg013,3
pkg365,pkg040,7
pkg366,pkg397,11
pkg367,pkg010,24
pkg367,pkg381,3
pkg367,pkg397,1
pkg369,pkg123,1
pkg369,pkg327,4
pkg370,pkg122,1
pkg370,pkg173,1
pkg370,pkg136,2
pkg370,pkg048,4
pkg370,pkg077,13
pkg370,pkg010,15
pkg371,pkg113,1
pkg371,pkg236,7
pkg371,pkg195,9
pkg372,pkg136,9
pkg372,pkg188,3
pkg372,pkg182,8
pkg372,pkg158,1
pkg372,pkg364,10
pkg372,pkg069,7
pkg373,pkg326,9
pkg373,pkg156,1
pkg374,pkg062,3
pkg374,pkg168,10
pkg374,pkg397,12
pkg374,pkg077,1
pkg374,pkg288,4
pkg375,pkg326,3
pkg375,pkg023,10
pkg376,pkg192,4
pkg376,pkg155,4
pkg376,pkg261,16
pkg376,pkg049,3
pkg376,pkg069,6
pkg376,pkg110,6
pkg376,pkg293,4
pkg377,pkg330,1
pkg377,pkg284,6
pkg377,pkg171,2
pkg377,pkg088,2
pkg377,pkg200,8
pkg377,pkg077,3
pkg378,pkg069,5
pkg378,pkg359,1
pkg378,pkg397,1
pkg379,pkg069,3
pkg379,pkg397,2
pkg379,pkg126,6
pkg379,pkg129,18
pkg379,pkg294,10
pkg379,pkg014,7
pkg379,pkg346,6
pkg379,pkg398,5
pkg379,pkg327,12
pkg380,pkg347,5
pkg380,pkg077,9
pkg380,pkg134,6
pkg380,pkg304,1
pkg380,pkg329,2
pkg380,pkg345,6
pkg380,pkg233,17
pkg381,pkg323,2
pkg381,pkg301,9
pkg381,pkg011,7
pkg381,pkg397,8
pkg382,pkg232,6
pkg382,pkg156,3
pkg382,pkg029,1
pkg382,pkg366,5
pkg382,pkg303,1
pkg382,pkg068,10
pkg382,pkg151,4
pkg382,pkg036,6
pkg382,pkg397,5
pkg383,pkg327,4
pkg383,pkg084,8
pkg384,pkg015,1
pkg384,pkg261,7
pkg384,pkg275,6
pkg384,pkg013,4
pkg384,pkg136,9
pkg384,pkg269,2
pkg384,pkg284,7
pkg385,pkg203,3
pkg385,pkg136,5
pkg385,pkg308,5
pkg385,pkg294,1
pkg385,pkg115,7
pkg385,pkg397,5
pkg385,pkg283,2
pkg385,pkg259,2
pkg385,pkg024,11
pkg386,pkg171,10
pkg386,pkg156,1
pkg387,pkg077,2
pkg387,pkg004,7
pkg387,pkg270,4
pkg387,pkg357,3
pkg387,pkg228,1
pkg387,pkg316,1
pkg387,pkg286,1
pkg387,pkg235,1
pkg387,pkg366,6
pkg388,pkg015,4
pkg388,pkg012,9
pkg388,pkg237,1
pkg388,pkg077,1
pkg389,pkg093,2
pkg389,pkg323,3
pkg389,pkg210,5
pkg389,pkg071,5
pkg389,pkg234,8
pkg389,pkg397,5
pkg389,pkg305,7
pkg390,pkg010,30
pkg390,pkg080,3
pkg390,pkg069,8
pkg390,pkg397,1
pkg391,pkg398,7
pkg392,pkg397,4
pkg392,pkg135,6
pkg392,pkg398,10
pkg392,pkg283,2
pkg392,pkg328,4
pkg392,pkg077,1
pkg392,pkg284,5
pkg393,pkg276,4
pkg393,pkg244,2
pkg393,pkg073,4
pkg393,pkg323,6
pkg393,pkg025,2
pkg393,pkg256,4
pkg393,pkg159,3
pkg394,pkg371,5
pkg394,pkg073,3
pkg394,pkg261,1
pkg396,pkg210,3
pkg396,pkg260,5
pkg396,pkg081,9
pkg398,pkg136,5
pkg399,pkg059,5
pkg399,pkg017,3
pkg399,pkg269,1
pkg399,pkg284,3
pkg399,pkg230,3
pkg399,pkg077,2
pkg399,pkg341,1
pkg399,pkg027,12
pkg015,pkg007,6
pkg341,pkg007,4
pkg119,pkg007,2
pkg049,pkg007,2
pkg375,pkg007,7
pkg235,pkg007,3
pkg010,pkg007,5
pkg011,pkg007,7
pkg001,pkg119,1
pkg002,pkg049,5
pkg003,pkg049,6
pkg005,pkg015,24
pkg008,pkg049,5
pkg009,pkg015,4
pkg012,pkg119,3
pkg014,pkg375,1
pkg016,pkg375,1
pkg017,pkg375,17
pkg018,pkg235,4
pkg020,pkg375,2
pkg025,pkg341,1
pkg026,pkg015,1
pkg030,pkg049,2
pkg031,pkg375,3
pkg032,pkg235,4
pkg033,pkg235,5
pkg034,pkg375,2
pkg036,pkg015,18
pkg037,pkg119,8
pkg038,pkg341,14
pkg039,pkg015,7
pkg041,pkg015,1
pkg042,pkg015,16
pkg043,pkg235,2
pkg044,pkg119,3
pkg046,pkg049,4
pkg048,pkg341,2
pkg050,pkg015,8
pkg052,pkg235,5
pkg054,pkg015,10
pkg055,pkg375,2
pkg056,pkg341,9
pkg058,pkg015,14
pkg059,pkg015,5
pkg060,pkg235,3
pkg061,pkg049,4
pkg062,pkg341,5
pkg063,pkg235,1
pkg064,pkg015,4
pkg066,pkg049,20
pkg067,pkg015,5
pkg068,pkg049,9
pkg069,pkg015,3
pkg070,pkg375,24
pkg071,pkg341,2
pkg072,pkg375,1
pkg073,pkg119,5
pkg076,pkg049,1
pkg077,pkg341,9
pkg078,pkg049,3
pkg079,pkg049,1
pkg080,pkg015,5
pkg081,pkg119,5
pkg088,pkg015,1
pkg089,pkg235,5
pkg090,pkg235,10
pkg092,pkg049,8
pkg094,pkg341,16
pkg095,pkg049,6
pkg096,pkg341,5
pkg097,pkg119,1
pkg098,pkg375,16
pkg099,pkg119,5
pkg100,pkg049,2
pkg101,pkg235,5
pkg102,pkg119,3
pkg104,pkg341,1
pkg107,pkg341,14
pkg110,pkg049,3
pkg112,pkg375,5
pkg114,pkg049,3
pkg115,pkg119,7
pkg116,pkg375,1
pkg117,pkg015,3
pkg118,pkg375,1
pkg120,pkg235,5
pkg121,pkg235,1
pkg122,pkg375,11
pkg123,pkg235,7
pkg125,pkg375,9
pkg126,pkg015,3
pkg127,pkg341,7
pkg128,pkg235,4
pkg130,pkg049,1
pkg131,pkg375,9
pkg132,pkg341,5
pkg134,pkg049,8
pkg136,pkg341,11
pkg137,pkg015,6
pkg139,pkg049,1
pkg140,pkg015,3
pkg141,pkg235,1
pkg142,pkg235,9
pkg143,pkg375,6
pkg145,pkg015,7
pkg148,pkg049,7
pkg149,pkg119,4
pkg150,pkg015,3
pkg151,pkg341,1
pkg152,pkg119,7
pkg153,pkg015,1
pkg154,pkg119,4
pkg156,pkg375,2
pkg157,pkg049,5
pkg158,pkg375,6
pkg160,pkg015,4
pkg162,pkg015,1
pkg163,pkg235,1
pkg164,pkg015,5
pkg165,pkg119,1
pkg166,pkg049,7
pkg167,pkg119,4
pkg169,pkg015,1
pkg170,pkg235,4
pkg172,pkg119,9
pkg173,pkg341,1
pkg174,pkg235,5
pkg176,pkg375,7
pkg177,pkg375,12
pkg178,pkg049,6
pkg181,pkg049,2
pkg182,pkg375,1
pkg183,pkg235,5
pkg185,pkg235,1
pkg186,pkg015,3
pkg188,pkg341,1
pkg189,pkg119,5
pkg192,pkg235,1
pkg193,pkg049,2
pkg194,pkg341,2
pkg197,pkg341,4
pkg198,pkg119,1
pkg199,pkg341,4
pkg200,pkg375,11
pkg201,pkg375,2
pkg202,pkg049,6
pkg203,pkg375,3
pkg204,pkg235,17
pkg205,pkg119,8
pkg206,pkg341,5
pkg207,pkg375,4
pkg209,pkg235,4
pkg212,pkg341,6
pkg214,pkg235,3
pkg215,pkg341,8
pkg216,pkg049,7
pkg217,pkg341,1
pkg219,pkg119,4
pkg221,pkg375,4
pkg222,pkg049,10
pkg223,pkg375,4
pkg224,pkg119,4
pkg225,pkg119,11
pkg226,pkg341,9
pkg227,pkg015,8
pkg228,pkg119,3
pkg229,pkg375,14
pkg230,pkg119,4
pkg231,pkg119,2
pkg232,pkg375,8
pkg234,pkg119,1
pkg236,pkg235,4
pkg238,pkg015,2
pkg239,pkg119,4
pkg240,pkg375,4
pkg244,pkg015,2
pkg245,pkg341,7
pkg246,pkg375,1
pkg248,pkg375,2
pkg249,pkg015,7
pkg251,pkg119,1
pkg253,pkg341,4
pkg254,pkg341,4
pkg255,pkg049,1
pkg256,pkg235,6
pkg258,pkg341,2
pkg260,pkg049,5
pkg261,pkg341,6
pkg262,pkg015,13
pkg263,pkg119,4
pkg264,pkg235,3
pkg265,pkg049,1
pkg266,pkg015,4
pkg268,pkg049,10
pkg269,pkg015,3
pkg270,pkg119,1
pkg272,pkg375,1
pkg273,pkg049,1
pkg274,pkg119,2
pkg275,pkg049,19
pkg276,pkg375,3
pkg277,pkg049,1
pkg278,pkg015,11
pkg279,pkg375,8
pkg280,pkg015,6
pkg281,pkg235,6
pkg282,pkg049,5
pkg284,pkg015,4
pkg285,pkg341,6
pkg287,pkg119,5
pkg288,pkg049,6
pkg291,pkg049,1
pkg292,pkg049,3
pkg293,pkg119,5
pkg294,pkg341,4
pkg296,pkg375,4
pkg297,pkg015,1
pkg298,pkg235,6
pkg299,pkg049,9
pkg300,pkg375,3
pkg301,pkg049,6
pkg303,pkg015,4
pkg304,pkg341,10
pkg306,pkg341,4
pkg308,pkg015,1
pkg309,pkg235,6
pkg310,pkg049,1
pkg311,pkg049,5
pkg312,pkg375,3
pkg313,pkg375,1
pkg315,pkg341,8
pkg316,pkg375,5
pkg317,pkg341,8
pkg318,pkg235,4
pkg320,pkg049,4
pkg322,pkg375,16
pkg324,pkg235,6
pkg325,pkg375,2
pkg327,pkg015,7
pkg328,pkg119,7
pkg329,pkg015,7
pkg331,pkg375,3
pkg335,pkg015,4
pkg337,pkg375,3
pkg338,pkg235,11
pkg339,pkg119,7
pkg340,pkg375,4
pkg345,pkg375,4
pkg347,pkg015,3
pkg348,pkg375,3
pkg349,pkg235,4
pkg350,pkg049,2
pkg351,pkg015,5
pkg352,pkg375,3
pkg354,pkg049,1
pkg355,pkg049,4
pkg356,pkg119,4
pkg357,pkg375,2
pkg360,pkg015,1
pkg361,pkg049,2
pkg362,pkg235,2
pkg364,pkg119,3
pkg367,pkg119,10
pkg369,pkg375,2
pkg370,pkg049,14
pkg371,pkg341,14
pkg372,pkg341,1
pkg373,pkg375,7
pkg374,pkg235,1
pkg376,pkg119,17
pkg377,pkg235,1
pkg378,pkg341,8
pkg380,pkg235,7
pkg381,pkg341,6
pkg382,pkg235,1
pkg383,pkg119,3
pkg385,pkg049,6
pkg386,pkg119,8
pkg387,pkg119,1
pkg388,pkg375,15
pkg389,pkg015,10
pkg390,pkg341,2
pkg392,pkg015,5
pkg393,pkg119,1
pkg398,pkg049,7
pkg399,pkg049,1
pkg400,pkg218,18
pkg400,pkg075,7
pkg400,pkg259,2
pkg400,pkg173,8
pkg400,pkg241,5
pkg400,pkg025,11
pkg400,pkg288,3
pkg400,pkg053,7
pkg400,pkg246,1
pkg400,pkg273,5
pkg400,pkg143,1
pkg400,pkg269,5
pkg400,pkg209,6
pkg400,pkg117,6
pkg400,pkg150,3
pkg400,pkg319,5
pkg400,pkg003,10
pkg400,pkg369,15
pkg400,pkg029,5
pkg400,pkg318,10
pkg400,pkg040,2
pkg400,pkg178,3
pkg400,pkg079,6
pkg400,pkg002,4
pkg400,pkg248,4
pkg400,pkg126,10
pkg400,pkg194,1
pkg400,pkg047,2
pkg400,pkg134,1
pkg400,pkg307,6
pkg400,pkg042,3
pkg400,pkg317,9
pkg400,pkg254,5
pkg400,pkg247,3
pkg400,pkg386,2
pkg400,pkg168,4
pkg400,pkg103,1
pkg400,pkg012,10
pkg400,pkg005,3
pkg400,pkg396,1
pkg400,pkg069,11
pkg400,pkg068,4
pkg400,pkg387,7
pkg400,pkg279,3
pkg400,pkg274,12
pkg400,pkg332,2
pkg400,pkg177,3
pkg400,pkg225,1
pkg400,pkg217,11
pkg400,pkg306,2
pkg400,pkg220,6
pkg400,pkg399,6
pkg400,pkg210,10
pkg400,pkg286,5
pkg400,pkg202,4
pkg268,pkg010,3
pkg035,pkg010,8
pkg396,pkg010,13
pkg020,pkg010,10
pkg143,pkg010,3
pkg293,pkg010,14
pkg122,pkg010,1
pkg352,pkg010,5
pkg078,pkg010,3
pkg333,pkg010,10
pkg242,pkg010,14
pkg308,pkg010,13
pkg147,pkg010,3
pkg056,pkg010,7
pkg187,pkg010,3
pkg196,pkg010,7
pkg165,pkg010,5
pkg218,pkg010,15
pkg253,pkg010,15
pkg397,pkg010,16
pkg178,pkg010,4
pkg394,pkg010,1
pkg126,pkg010,1
pkg019,pkg010,17
pkg025,pkg010,18
pkg103,pkg010,5
pkg228,pkg010,17
pkg227,pkg010,11
pkg064,pkg010,4
pkg296,pkg010,6
pkg094,pkg010,6
pkg115,pkg010,15
pkg060,pkg010,4
pkg176,pkg010,4
pkg360,pkg010,14
pkg044,pkg010,6
pkg338,pkg010,5
pkg304,pkg010,16
pkg339,pkg010,18
pkg131,pkg010,11
pkg100,pkg010,16
pkg021,pkg010,16
pkg102,pkg010,12
pkg163,pkg010,16
pkg082,pkg010,1
pkg240,pkg010,3
pkg101,pkg010,14
pkg388,pkg010,8
pkg051,pkg010,15
pkg198,pkg010,13
pkg113,pkg010,2
pkg269,pkg010,7
pkg393,pkg010,14
pkg345,pkg010,18
pkg034,pkg010,16
pkg158,pkg010,17
pkg236,pkg010,19
pkg201,pkg010,17
pkg369,pkg010,12
pkg183,pkg010,7
pkg109,pkg010,10
pkg312,pkg010,16
pkg372,pkg010,9
pkg174,pkg010,16
pkg375,pkg010,14
pkg221,pkg010,4
pkg272,pkg010,18
pkg347,pkg010,17
pkg139,pkg011,12
pkg274,pkg011,5
pkg346,pkg011,16
pkg173,pkg011,1
pkg013,pkg011,10
pkg098,pkg011,12
pkg357,pkg011,5
pkg324,pkg011,17
pkg211,pkg011,10
pkg185,pkg011,2
pkg225,pkg011,7
pkg258,pkg011,8
pkg291,pkg011,5
pkg278,pkg011,18
pkg249,pkg011,7
pkg286,pkg011,10
pkg120,pkg011,11
pkg247,pkg011,5
pkg395,pkg011,11
pkg200,pkg011,7
pkg159,pkg011,1
pkg075,pkg011,8
pkg292,pkg011,12
pkg132,pkg011,3
pkg006,pkg011,15
pkg313,pkg011,13
pkg144,pkg011,12
pkg305,pkg011,6
pkg024,pkg011,13
pkg378,pkg011,12
pkg260,pkg011,2
pkg090,pkg011,1
pkg152,pkg011,5
pkg214,pkg011,4
pkg311,pkg011,10
pkg275,pkg011,4
pkg209,pkg011,5
pkg161,pkg011,2
pkg273,pkg011,17
pkg157,pkg011,14
pkg107,pkg011,5
pkg371,pkg011,3
pkg322,pkg011,17
pkg287,pkg011,13
pkg353,pkg011,17
pkg398,pkg011,4
pkg193,pkg011,7
pkg290,pkg011,3
pkg285,pkg011,9
pkg099,pkg011,4
pkg399,pkg011,1
pkg344,pkg011,10
pkg033,pkg011,19
pkg224,pkg011,13
pkg362,pkg011,15
pkg015,pkg011,16
pkg294,pkg011,19
pkg202,pkg011,3
pkg288,pkg011,5
pkg073,pkg011,12
pkg270,pkg011,16
pkg245,pkg011,15
pkg050,pkg011,14
pkg170,pkg011,6
pkg092,pkg011,7
pkg298,pkg011,2
pkg348,pkg011,6
pkg362,pkg015,1
pkg097,pkg015,3
pkg361,pkg015,8
pkg291,pkg015,7
pkg295,pkg015,8
pkg034,pkg015,10
pkg174,pkg015,6
pkg061,pkg015,6
pkg304,pkg015,1
pkg237,pkg015,4
pkg167,pkg015,8
pkg215,pkg015,1
pkg179,pkg015,4
pkg131,pkg015,2
pkg382,pkg015,10
pkg083,pkg015,7
pkg176,pkg015,8
pkg188,pkg015,8
pkg027,pkg015,3
pkg277,pkg015,1
pkg060,pkg015,5
pkg213,pkg015,3
pkg045,pkg015,4
pkg030,pkg015,4
pkg128,pkg015,9
pkg312,pkg015,2
pkg138,pkg015,11
pkg320,pkg015,1
pkg114,pkg015,3
pkg258,pkg015,4
pkg385,pkg015,1
pkg189,pkg015,10
pkg282,pkg015,4
pkg078,pkg015,6
pkg286,pkg015,2
pkg311,pkg015,3
pkg337,pkg015,5
pkg272,pkg015,10
pkg234,pkg015,4
pkg099,pkg015,9
pkg124,pkg015,2
